{
  "date": "2020-12-23T10:07:06.611Z",
  "title": "Cytimy shop nhận tài trợ",
  "thumbnail": "/img/uploads/sponsorship-measurement.jpg",
  "description": "Yeah! chúng tôi nhận tài trợ thông qua quảng cáo trên hệ thống website Cytimy shop tại 2 đường link dẫn sau, bao gồm tiep.design và cytimyshop.com, đây là một phần trong dự án startup phát triển bán hàng online.",
  "body": "Yeah! chúng tôi nhận tài trợ thông qua quảng cáo trên hệ thống website Cytimy shop tại 2 đường link dẫn sau, bao gồm tiep.design và cytimyshop.com, đây là một phần trong dự án startup phát triển bán hàng online.\n\n![Tài trợ quảng cáo trên Cytimy bởi AdSense](/img/uploads/sponsorship-measurement.jpg \"Tài trợ quảng cáo trên Cytimy bởi AdSense\")\n\nngoài việc cung cấp các sản phẩm tốt tới tay khách hàng, không thể thiếu chức năng quan trọng của các nhà tài trợ, mà chúng tôi gọi là **advertisements** và **sponsored links**.\n\nLý do của việc này nhằm cung cấp cho khách hàng những thông tin sản phẩm mới nhất trong trending mà chúng tôi có thể đáp ứng và phục vụ khách hàng tốt hơn. Cũng như bổ sung thêm một số nguồn ngân quỹ cho việc phát triển Cytimy trong tương lai.\n\nNền tảng nhà tài trợ mà Cytimy sử dụng đó là Google AdSense. xin tìm kiếm trên google để biết thêm chi tiết, hoặc liên hệ px@tiep.us để được cung cấp thêm tài liệu nếu cần.\n\nTrân trọng.",
  "meta_title": "chúng tôi nhận tài trợ thông qua quảng cáo trên hệ thống website Cytimy shop",
  "meta_description": "chúng tôi nhận tài trợ thông qua quảng cáo trên hệ thống website Cytimy shop"
}