{
  "youtube": "https://www.youtube.com/channel/UCs0uOl852ygIMJQOwdCWZVg",
  "facebook": "https://www.facebook.com/Pxtiep/",
  "phone": "(84) 3 3703 6819",
  "doc_number": "6819",
  "whatsapp": "(84) 3 3703 6819",
  "instagram": "https://www.instagram.com/pxt1990/",
  "twitter": "https://twitter.com/Pxtiep",
  "address": "Thửa 578, Tờ bản đồ số 10, Khu phố Bà Tri, Phường Tân Hiệp, thị xã Tân Uyên, Bình Dương",
  "pinterest": "https://www.pinterest.com/pxtiep",
  "email": "px@tiep.us"
}