{
  "assetsByChunkName": {
    "vendors~app-account~app-confirmation~app-order": [
      "chunk.9ac2878e7f65e554ca5c.js",
      "chunk.9ac2878e7f65e554ca5c.js.map"
    ],
    "vendors~app-account~app-checkout": [
      "chunk.5aa95aa4ef39321ef282.js",
      "chunk.5aa95aa4ef39321ef282.js.map"
    ],
    "vendors~app-cart~app-checkout": [
      "chunk.b7d4a1027361378eaa91.js",
      "chunk.b7d4a1027361378eaa91.js.map"
    ],
    "admin": [
      "admin.c1dd4ef4ce4019fd63b0.js",
      "admin.c1dd4ef4ce4019fd63b0.js.map"
    ],
    "app-account": [
      "chunk.bdbb7bb0e73b0c216834.js",
      "chunk.bdbb7bb0e73b0c216834.js.map"
    ],
    "app-cart": [
      "chunk.88ae48519bb42715e50d.js",
      "chunk.88ae48519bb42715e50d.js.map"
    ],
    "app-checkout": [
      "chunk.4e0a32dfd0522c94b392.js",
      "chunk.4e0a32dfd0522c94b392.js.map"
    ],
    "app-confirmation": [
      "chunk.5ab6e9182fe1099a4338.js",
      "chunk.5ab6e9182fe1099a4338.js.map"
    ],
    "app-order": [
      "chunk.78f9d798960768159617.js",
      "chunk.78f9d798960768159617.js.map"
    ],
    "checkout": [
      "checkout.d10e7c29d77fe474de9b.js",
      "checkout.d10e7c29d77fe474de9b.js.map"
    ],
    "storefront": [
      "storefront.435fa0ce06eb5f3e7e6b.css",
      "storefront.dfb7625df7e87df19158.js",
      "storefront.435fa0ce06eb5f3e7e6b.css.map",
      "storefront.dfb7625df7e87df19158.js.map"
    ],
    "vendors~app-checkout": [
      "chunk.118c7d67bce6c5e23511.js",
      "chunk.118c7d67bce6c5e23511.js.map"
    ]
  }
}